{"cameraMode":{"drawMode":0,"name":"Shaded","section":"Shading Mode"},"sceneLighting":false,"audioPlay":false,"sceneViewState":{"m_AlwaysRefresh":false,"showFog":true,"showSkybox":false,"showFlares":true,"showImageEffects":true,"showParticleSystems":true,"showVisualEffectGraphs":true,"m_FxEnabled":true},"in2DMode":false,"pivot":{"x":0.7788735032081604,"y":0.6314682960510254,"z":-0.05198192596435547},"rotation":{"x":-0.11998320370912552,"y":-0.0247200820595026,"z":0.0029883026145398618,"w":-0.9924681782722473},"size":1.3968037366867066,"orthographic":false}