{"cameraMode":{"drawMode":0,"name":"Shaded","section":"Shading Mode"},"sceneLighting":true,"audioPlay":false,"sceneViewState":{"m_AlwaysRefresh":false,"showFog":true,"showSkybox":true,"showFlares":true,"showImageEffects":true,"showParticleSystems":true,"showVisualEffectGraphs":true,"m_FxEnabled":true},"in2DMode":false,"pivot":{"x":0.70401531457901,"y":10.458852767944336,"z":-2.6258010864257814},"rotation":{"x":-0.12299369275569916,"y":0.00951728131622076,"z":-0.001243063248693943,"w":-0.9923797249794006},"size":0.6479218602180481,"orthographic":false}