{"cameraMode":{"drawMode":0,"name":"Shaded","section":"Shading Mode"},"sceneLighting":true,"audioPlay":false,"sceneViewState":{"m_AlwaysRefresh":false,"showFog":true,"showSkybox":true,"showFlares":true,"showImageEffects":true,"showParticleSystems":true,"showVisualEffectGraphs":true,"m_FxEnabled":true},"in2DMode":false,"pivot":{"x":3.7954440116882326,"y":10.00836181640625,"z":-2.156263828277588},"rotation":{"x":-0.46470463275909426,"y":-0.006111615337431431,"z":0.003210504772141576,"w":-0.8854468464851379},"size":1.1790663003921509,"orthographic":false}