{"cameraMode":{"drawMode":0,"name":"Shaded","section":"Shading Mode"},"sceneLighting":true,"audioPlay":false,"sceneViewState":{"m_AlwaysRefresh":false,"showFog":true,"showSkybox":true,"showFlares":true,"showImageEffects":true,"showParticleSystems":true,"showVisualEffectGraphs":true,"m_FxEnabled":true},"in2DMode":false,"pivot":{"x":4.444868564605713,"y":3.183755397796631,"z":22.616180419921876},"rotation":{"x":0.06476295739412308,"y":-0.00866775307804346,"z":0.0006313205230981112,"w":0.9978852868080139},"size":11.952601432800293,"orthographic":false}