{"cameraMode":{"drawMode":0,"name":"Shaded","section":"Shading Mode"},"sceneLighting":true,"audioPlay":false,"sceneViewState":{"m_AlwaysRefresh":false,"showFog":true,"showSkybox":true,"showFlares":true,"showImageEffects":true,"showParticleSystems":true,"showVisualEffectGraphs":true,"m_FxEnabled":true},"in2DMode":false,"pivot":{"x":4.610509395599365,"y":10.21268367767334,"z":-0.03806972876191139},"rotation":{"x":-0.30691996216773989,"y":0.6198839545249939,"z":-0.28720104694366457,"w":-0.6626418232917786},"size":0.6479218602180481,"orthographic":false}