{"cameraMode":{"drawMode":0,"name":"Shaded","section":"Shading Mode"},"sceneLighting":true,"audioPlay":false,"sceneViewState":{"m_AlwaysRefresh":false,"showFog":true,"showSkybox":true,"showFlares":true,"showImageEffects":true,"showParticleSystems":true,"showVisualEffectGraphs":true,"m_FxEnabled":true},"in2DMode":false,"pivot":{"x":0.7099610567092896,"y":10.131739616394043,"z":-2.757554292678833},"rotation":{"x":-0.25689268112182619,"y":0.007810004521161318,"z":-0.0021411313209682705,"w":-0.9664250612258911},"size":0.6479218602180481,"orthographic":false}